epoch,steps,cosine_pearson,cosine_spearman
2.7777777777777777,1000,0.8284291594644607,0.8262285150289742
