epoch,steps,cosine_pearson,cosine_spearman
2.7777777777777777,1000,0.8268652368326761,0.8241215633970085
5.555555555555555,2000,0.8523197980887888,0.8511778898980495
8.333333333333334,3000,0.8614929960932511,0.8621604811071463
